Disney Store Woody and Buzz Lightyear Talking Action Figure Bundle,£47.00,https://www.shopdisney.co.uk/disney-store-woody-and-buzz-lightyear-talking-action-figure-bundle-461011068470.html
Disney Store Buzz Lightyear Interactive Talking Action Figure,£25.00,https://www.shopdisney.co.uk/disney-store-buzz-lightyear-interactive-talking-action-figure-461010120117.html
Disney Store Buzz Lightyear Costume Collection For Kids,£11.00 - £26.00,https://www.shopdisney.co.uk/disney-store-buzz-lightyear-costume-collection-for-kids-2844045240196PS.html
Disney Store Buzz Lightyear Costume For Kids,£26.00,https://www.shopdisney.co.uk/disney-store-buzz-lightyear-costume-for-kids-2844045240196M.html
Disney Store Buzz Lightyear Helmet For Kids,£11.00,https://www.shopdisney.co.uk/disney-store-buzz-lightyear-helmet-for-kids-428468466662.html
Buzz Lightyear Of Star Command DVD,£8.99,https://www.shopdisney.co.uk/buzz-lightyear-of-star-command-dvd-413087498798.html
Swarovski Buzz Lightyear Crystal Figurine,£259.00,https://www.shopdisney.co.uk/swarovski-buzz-lightyear-crystal-figurine-900965428551.html
Enesco Buzz Lightyear Disney Showcase Figurine,£40.00,https://www.shopdisney.co.uk/enesco-buzz-lightyear-disney-showcase-figurine-465050604163.html
Disney Store Disney Pixar ToyBox Buzz Lightyear Action Figure,£8.00,https://www.shopdisney.co.uk/disney-store-disney-pixar-toybox-buzz-lightyear-action-figure-461019926017.html
Disney Store Toy Story Bath Toy Set,£15.95,https://www.shopdisney.co.uk/disney-store-toy-story-bath-toy-set-460069574636.html
Disney Store Toy Story 4 Water Bottle,£7.00,https://www.shopdisney.co.uk/disney-store-toy-story-4-water-bottle-465020062375.html
Disney Store Toy Story 4 Beach Towel,£15.00,https://www.shopdisney.co.uk/disney-store-toy-story-4-beach-towel-427260654567.html
Toy Story DVD,£12.99,https://www.shopdisney.co.uk/toy-story-dvd-413087497470.html
Toy Story of Terror DVD,£8.99,https://www.shopdisney.co.uk/toy-story-of-terror-dvd-413031057590.html
Toy Story That Time Forgot DVD,£8.99,https://www.shopdisney.co.uk/toy-story-that-time-forgot-dvd-413514346050.html
Toy Story 3 Blu-ray,£16.99,https://www.shopdisney.co.uk/toy-story-3-blu-ray-413054615333.html
Toy Story 1 Blu-ray,£16.99,https://www.shopdisney.co.uk/toy-story-1-blu-ray-413053241946.html
Toy Story 3 3D Blu-ray,£19.99,https://www.shopdisney.co.uk/toy-story-3-3d-blu-ray-413052413986.html
The Art of Toy Story 4 Book,£28.99,https://www.shopdisney.co.uk/the-art-of-toy-story-4-book-413210839214.html
Disney Store World of Disney Autograph Book and Pen Set,£7.95,https://www.shopdisney.co.uk/disney-store-world-of-disney-autograph-book-and-pen-set-466040459121.html
Disney Store Toy Story 4 T-Shirt For Kids,£10.00,https://www.shopdisney.co.uk/disney-store-toy-story-4-t-shirt-for-kids-2401050290117M.html
